S_ID,CO_ID,SCODE,STATE,Gst_State
1,100,AN,Andaman & Nicobar Islands,35
2,100,AP,Andhra Pradesh,37
3,100,AR,Arunachal Pradesh,12
4,100,AS,Assam,18
5,100,BR,Bihar,10
6,100,CH,Chandigarh,4
7,100,CT,Chattisgarh,22
8,100,DN,Dadra & Nagar Haveli,26
9,100,DD,Daman and Diu,25
10,100,DL,Delhi,7
11,100,GA,Goa,30
12,100,GJ,Gujarat,24
13,100,HR,Haryana,6
14,100,HP,Himachal Pradesh,2
15,100,JK,Jammu & Kashmir,1
16,100,JH,Jharkhand,20
17,100,KA,Karnataka,29
18,100,KL,Kerala,32
19,100,LD,Lakshadweep,31
20,100,MP,Madhya Pradesh,23
21,100,MH,Maharashtra,27
22,100,MN,Manipur,14
23,100,ML,Meghalaya,17
24,100,MZ,Mizoram,15
25,100,NL,Nagaland,13
26,100,NA,NA,
27,100,OR,Orissa,21
28,100,PY,Pondicherry,34
29,100,PB,Punjab,3
30,100,RJ,Rajasthan,8
31,100,SK,Sikkim,11
32,100,TN,Tamil Nadu,33
33,100,TR,Tripura,16
34,100,UP,Uttar Pradesh,9
35,100,UR,Uttaranchal,5
36,100,WB,West Bengal,19
37,100,TS,Telangana,36
38,150,,RUPANDEHI,
